team_abbr,season,sos_win_pct
ARI,2018,0.5097340471276229
ARI,2019,0.515657249742002
ARI,2020,0.4623578323873409
ARI,2021,0.5039267558875402
ARI,2022,0.5184352172241445
ARI,2023,0.5453732370141039
ARI,2024,0.5242244885570327
ATL,2018,0.4686223447712418
ATL,2019,0.5314770919332645
ATL,2020,0.5462998796009632
ATL,2021,0.46113235799995955
ATL,2022,0.4559734110362411
ATL,2023,0.42762702604261515
ATL,2024,0.5062640742571539
BAL,2018,0.49673202614379086
BAL,2019,0.49145824480462985
BAL,2020,0.49886767572526086
BAL,2021,0.524644367550942
BAL,2022,0.5155276535565494
BAL,2023,0.5421890639912474
BAL,2024,0.5321196437947293
BUF,2018,0.5155121259029928
BUF,2019,0.4605743742285356
BUF,2020,0.5351510872123549
BUF,2021,0.47830644723263266
BUF,2022,0.4973808431754768
BUF,2023,0.4835217558861033
BUF,2024,0.4954661162710698
CAR,2018,0.4936683006535948
CAR,2019,0.5361492733058135
CAR,2020,0.5279175266597868
CAR,2021,0.49638802889576883
CAR,2022,0.4646340476335013
CAR,2023,0.5166312551852527
CAR,2024,0.49011643873235566
CHI,2018,0.4291239199498169
CHI,2019,0.4952418193154455
CHI,2020,0.4944252210688197
CHI,2021,0.5124269728531248
CHI,2022,0.554348529917643
CHI,2023,0.4642693816432662
CHI,2024,0.5368157995912503
CIN,2018,0.5162377450980392
CIN,2019,0.5365510513415893
CIN,2020,0.5099571078431373
CIN,2021,0.49986661331199145
CIN,2022,0.5360454800572122
CIN,2023,0.5632717896240024
CIN,2024,0.466805566395805
CLE,2018,0.498953227124183
CLE,2019,0.518047761867905
CLE,2020,0.4686926671253297
CLE,2021,0.5000109847860713
CLE,2022,0.5109472065399947
CLE,2023,0.5293142988189428
CLE,2024,0.5256290958075697
DAL,2018,0.5028057275541795
DAL,2019,0.46134599673202614
DAL,2020,0.45263991013071897
DAL,2021,0.4833467110040897
DAL,2022,0.5006418264443359
DAL,2023,0.44148797920727745
DAL,2024,0.5172044875741835
DEN,2018,0.5040244990540076
DEN,2019,0.5075706269349846
DEN,2020,0.5577404755761954
DEN,2021,0.4724776184983797
DEN,2022,0.47207855278334243
DEN,2023,0.4895841102178745
DEN,2024,0.5030988418759317
DET,2018,0.48905793128654973
DET,2019,0.49822895166838665
DET,2020,0.49530228758169936
DET,2021,0.5211786675454496
DET,2022,0.518699285699832
DET,2023,0.49746007174799745
DET,2024,0.5130747620685701
GB,2018,0.47820723684210525
GB,2019,0.47773453923479725
GB,2020,0.4482570806100218
GB,2021,0.4825656188401286
GB,2022,0.5086930128088387
GB,2023,0.4953945751892631
GB,2024,0.5411923053821919
HOU,2018,0.47716718266253866
HOU,2019,0.5343997248022015
HOU,2020,0.5175263910388717
HOU,2021,0.49269627355586193
HOU,2022,0.4687478500171998
HOU,2023,0.48985208118335055
HOU,2024,0.4967437944706969
IND,2018,0.48635597026334904
IND,2019,0.4919872828517372
IND,2020,0.44830429591857385
IND,2021,0.48567468266976555
IND,2022,0.4991207835043202
IND,2023,0.4824763754831138
IND,2024,0.44325563042554483
JAX,2018,0.5401294289645683
JAX,2019,0.4841747828517372
JAX,2020,0.5273948120915033
JAX,2021,0.508349593707452
JAX,2022,0.4780565965998587
JAX,2023,0.5286191256688434
JAX,2024,0.46983881271806965
KC,2018,0.4927880021404273
KC,2019,0.5243626998352434
KC,2020,0.5070791012619268
KC,2021,0.5319254017396432
KC,2022,0.47783539731682145
KC,2023,0.5123642439431914
KC,2024,0.5115963929431422
LA,2018,0.5018874585845419
LA,2019,0.519563499742002
LA,2020,0.5141528589993503
LA,2021,0.504073442242394
LA,2022,0.5079716303446042
LA,2023,0.5285269273401368
LA,2024,0.5321760283060593
LAC,2018,0.48530367312617056
LAC,2019,0.5137746710526316
LAC,2020,0.47708790204678364
LAC,2021,0.4982369418355578
LAC,2022,0.44295665634674924
LAC,2023,0.5298216706703321
LAC,2024,0.46127928754347747
LV,2020,0.5318519951840385
LV,2021,0.5103952692187986
LV,2022,0.46708047512090495
LV,2023,0.4903226925445101
LV,2024,0.5222465043809061
MIA,2018,0.46485853113175096
MIA,2019,0.4689797794117647
MIA,2020,0.4562841309769522
MIA,2021,0.45213379469434833
MIA,2022,0.5395740167411994
MIA,2023,0.46081025002593634
MIA,2024,0.4137477488415387
MIN,2018,0.4912280701754386
MIN,2019,0.5018215132056721
MIN,2020,0.4902471405228758
MIN,2021,0.4963805129895095
MIN,2022,0.4668252876199212
MIN,2023,0.5089060598439582
MIN,2024,0.4694033558842641
NE,2018,0.5122469809715207
NE,2019,0.4674378781440337
NE,2020,0.5174820476436188
NE,2021,0.48171081298016283
NE,2022,0.4902871365264372
NE,2023,0.5140518539717229
NE,2024,0.46565086302838987
NO,2018,0.4938558269311623
NO,2019,0.48940058479532167
NO,2020,0.47561441730688375
NO,2021,0.4971569639207592
NO,2022,0.49553511807199657
NO,2023,0.429164896092596
NO,2024,0.4943759340681577
NYG,2018,0.5164164624183006
NYG,2019,0.4565206290849673
NYG,2020,0.48595792483660133
NYG,2021,0.5276463939548988
NYG,2022,0.5340883167671501
NYG,2023,0.49779234707298814
NYG,2024,0.5490849384129296
NYJ,2018,0.5000147811317509
NYJ,2019,0.4572610294117647
NYJ,2020,0.5813607241142071
NYJ,2021,0.5025814247267535
NYJ,2022,0.5264372002671037
NYJ,2023,0.4925520259703469
NYJ,2024,0.4854509399218924
OAK,2018,0.5291215170278638
OAK,2019,0.4825246710526316
PHI,2018,0.5329890971983335
PHI,2019,0.45684352172241444
PHI,2020,0.5190461601307189
PHI,2021,0.47471811336620423
PHI,2022,0.49567767457860334
PHI,2023,0.47769423558897245
PHI,2024,0.4905671040345963
PIT,2018,0.49284593223254214
PIT,2019,0.48576980134158926
PIT,2020,0.4678640806167668
PIT,2021,0.5249673748641757
PIT,2022,0.5080252534450312
PIT,2023,0.5349711424530825
PIT,2024,0.5053905187806117
SEA,2018,0.4787644934134645
SEA,2019,0.5306886156021863
SEA,2020,0.4505630425544831
SEA,2021,0.5127807985939473
SEA,2022,0.47270381836945297
SEA,2023,0.4971306582488517
SEA,2024,0.4867004593375017
SF,2018,0.486296547127623
SF,2019,0.5264583672804302
SF,2020,0.532670332387341
SF,2021,0.52906162464986
SF,2022,0.44612229102167184
SF,2023,0.5173775124084722
SF,2024,0.5505412897873287
TB,2018,0.5088337418300654
TB,2019,0.4875381621947024
TB,2020,0.5199948400412796
TB,2021,0.48117455661858466
TB,2022,0.5095879677407025
TB,2023,0.4953687107345246
TB,2024,0.5047483905843039
TEN,2018,0.5104878848469212
TEN,2019,0.529395922727355
TEN,2020,0.46913762925190716
TEN,2021,0.47596851606139534
TEN,2022,0.4938292964244521
TEN,2023,0.5134260102389769
TEN,2024,0.5103836581072058
WAS,2018,0.47620506535947715
WAS,2019,0.48633148434812523
WAS,2020,0.4621299500192234
WAS,2021,0.5140209231267326
WAS,2022,0.5201835326493859
WAS,2023,0.49797446326311745
WAS,2024,0.4818996019460416
