team_abbr,season,total_round_trip_miles
ARI,2018,15696.0081
ARI,2019,21850.53193
ARI,2020,22615.58572
ARI,2021,22905.15351
ARI,2022,15121.32743
ARI,2023,24422.64928
ARI,2024,21047.71692
ATL,2018,8246.980691
ATL,2019,13627.09298
ATL,2020,12167.0377
ATL,2021,12470.02879
ATL,2022,13351.79496
ATL,2023,10192.44223
ATL,2024,12280.86194
BAL,2018,11479.66212
BAL,2019,15488.31238
BAL,2020,8024.270075
BAL,2021,12968.33427
BAL,2022,9130.145214
BAL,2023,17936.40421
BAL,2024,15950.87671
BUF,2018,10071.57274
BUF,2019,11158.06649
BUF,2020,21727.15594
BUF,2021,14339.7188
BUF,2022,11665.80407
BUF,2023,11686.28426
BUF,2024,18443.3544
CAR,2018,6950.342707
CAR,2019,15103.22834
CAR,2020,12642.02966
CAR,2021,13511.42938
CAR,2022,14038.67818
CAR,2023,12156.88602
CAR,2024,12061.30735
CHI,2018,12825.42167
CHI,2019,12475.30377
CHI,2020,11587.30507
CHI,2021,15003.61445
CHI,2022,8857.31438
CHI,2023,11359.62658
CHI,2024,11575.24951
CIN,2018,8279.790101
CIN,2019,15572.18963
CIN,2020,7505.353931
CIN,2021,11007.81672
CIN,2022,11334.72454
CIN,2023,11815.93203
CIN,2024,10603.99438
CLE,2018,13363.3961
CLE,2019,13418.22246
CLE,2020,9047.314267
CLE,2021,9883.479839
CLE,2022,8639.68954
CLE,2023,16893.51422
CLE,2024,12139.78337
DAL,2018,18985.53715
DAL,2019,18251.1564
DAL,2020,19448.69305
DAL,2021,18791.29032
DAL,2022,21745.28574
DAL,2023,21444.55959
DAL,2024,18295.44008
DEN,2018,15500.69311
DEN,2019,13782.74332
DEN,2020,18555.71152
DEN,2021,16599.1994
DEN,2022,18438.29314
DEN,2023,16113.31201
DEN,2024,22452.72913
DET,2018,14427.63533
DET,2019,13055.6118
DET,2020,10345.77332
DET,2021,14078.10139
DET,2022,8285.494242
DET,2023,18231.83526
DET,2024,14410.27426
GB,2018,12895.67296
GB,2019,16682.30513
GB,2020,12380.53793
GB,2021,13336.65253
GB,2022,10346.77583
GB,2023,17450.51153
GB,2024,14447.11164
HOU,2018,17678.83402
HOU,2019,14809.98987
HOU,2020,14674.35299
HOU,2021,16754.13167
HOU,2022,16082.45908
HOU,2023,17664.30932
HOU,2024,18152.71086
IND,2018,14502.58425
IND,2019,11926.73936
IND,2020,9697.411646
IND,2021,14422.55827
IND,2022,14275.45688
IND,2023,8154.329166
IND,2024,11496.72261
JAX,2018,11845.4414
JAX,2019,13440.13123
JAX,2020,15434.58898
JAX,2021,18183.73328
JAX,2022,18293.80028
JAX,2023,10107.54242
JAX,2024,15272.93704
KC,2018,17312.03603
KC,2019,13548.70984
KC,2020,17702.04307
KC,2021,14022.59117
KC,2022,18636.22254
KC,2023,18143.28855
KC,2024,18779.71504
LA,2018,19567.80407
LA,2019,22213.65715
LA,2020,31508.9842
LA,2021,33867.19293
LA,2022,17169.69629
LA,2023,30181.89015
LA,2024,28952.19392
LAC,2018,29416.74184
LAC,2019,24880.73956
LAC,2020,25398.18167
LAC,2021,25477.41241
LAC,2022,24856.55241
LAC,2023,25103.14906
LAC,2024,30001.64568
OAK,2018,"20,931.44"
OAK,2019,"30,810.65"
LV,2020,24146.69033
LV,2021,24595.61451
LV,2022,20147.53077
LV,2023,22046.06952
LV,2024,23346.51673
MIA,2018,18489.7859
MIA,2019,17539.3791
MIA,2020,24425.94498
MIA,2021,15243.41361
MIA,2022,27464.65864
MIA,2023,22248.43637
MIA,2024,25867.77978
MIN,2018,14371.79524
MIN,2019,17987.18723
MIN,2020,12972.40301
MIN,2021,16035.60781
MIN,2022,12729.23418
MIN,2023,13172.16087
MIN,2024,17010.22079
NE,2018,18869.44337
NE,2019,10121.62254
NE,2020,24540.60019
NE,2021,17522.52271
NE,2022,18841.56513
NE,2023,16186.99694
NE,2024,20462.28098
NO,2018,11869.09747
NO,2019,14265.76105
NO,2020,14008.62707
NO,2021,17376.99461
NO,2022,15402.55266
NO,2023,15323.18852
NO,2024,13078.77327
NYG,2018,15119.37179
NYG,2019,8054.165942
NYG,2020,15911.48802
NYG,2021,18343.99591
NYG,2022,17039.36508
NYG,2023,22239.95067
NYG,2024,12114.25008
NYJ,2018,9420.503367
NYJ,2019,6786.4375
NYJ,2020,21108.92106
NYJ,2021,13005.03202
NYJ,2022,16058.75915
NYJ,2023,14340.10044
NYJ,2024,18286.42839
PHI,2018,18211.13552
PHI,2019,10341.24902
PHI,2020,14898.41217
PHI,2021,15658.64761
PHI,2022,13260.90576
PHI,2023,18999.32126
PHI,2024,13016.50254
PIT,2018,12606.14049
PIT,2019,15126.08471
PIT,2020,6626.193273
PIT,2021,11327.77516
PIT,2022,6428.489862
PIT,2023,16799.86463
PIT,2024,10617.52143
SEA,2018,24565.10818
SEA,2019,35553.16235
SEA,2020,28986.91208
SEA,2021,28058.18673
SEA,2022,25011.73287
SEA,2023,30073.40601
SEA,2024,26996.57056
SF,2018,18381.19579
SF,2019,28523.45548
SF,2020,25451.52813
SF,2021,35846.18382
SF,2022,23345.04444
SF,2023,32712.96749
SF,2024,24457.05921
TB,2018,11937.85766
TB,2019,15718.19533
TB,2020,20782.13439
TB,2021,16621.62915
TB,2022,16619.61674
TB,2023,19867.48173
TB,2024,15025.77701
TEN,2018,12049.56799
TEN,2019,14043.33279
TEN,2020,9106.518273
TEN,2021,14659.1819
TEN,2022,12266.01296
TEN,2023,8488.931555
TEN,2024,12151.49129
WAS,2018,13070.916
WAS,2019,9378.526001
WAS,2020,13707.10152
WAS,2021,13956.6846
WAS,2022,13362.98185
WAS,2023,17548.96461
WAS,2024,14171.08016
