player_season_name,season,ir_name,fuzzy_score
josh reynolds,2018,josh reynolds,100.0
desean jackson,2018,desean jackson,100.0
desean jackson,2018,asa jackson,80.0
desean jackson,2018,deon jackson,84.61538461538461
desean jackson,2018,dane jackson,84.61538461538461
taywan taylor,2018,taywan taylor,100.0
curtis samuel,2018,curtis samuel,100.0
cooper kupp,2018,cooper kupp,100.0
jordan reed,2018,jordan reed,100.0
jordan reed,2018,reggie jordan,83.33333333333334
jordan reed,2018,jordan rigsbee,80.0
tyler lockett,2018,tyler lockett,100.0
tyler lockett,2018,tyler ott,81.81818181818181
maurice harris,2018,marcell harris,85.71428571428572
maurice harris,2018,maurice harris,100.0
quincy enunwa,2018,quincy enunwa,100.0
adam humphries,2018,dj humphries,84.61538461538461
adam humphries,2018,adam humphries,100.0
chris conley,2018,chris cooley,91.66666666666666
chris conley,2018,chris conte,86.95652173913044
chris conley,2018,chris conley,100.0
chris conley,2018,chris wormley,80.0
kendrick bourne,2018,kendrick bourne,100.0
robby anderson,2018,rodney anderson,82.75862068965517
robby anderson,2018,troy andersen,81.4814814814815
jamison crowder,2018,jamison crowder,100.0
jermaine kearse,2018,jermaine kearse,100.0
calvin ridley,2018,calvin ridley,100.0
robert foster,2018,robert foster,100.0
marquez valdes-scantling,2018,marquez valdes-scantling,100.0
danny amendola,2018,danny amendola,100.0
jimmy graham,2018,jimmy graham,100.0
chris godwin,2018,chris godwin,100.0
chris hogan,2018,chris hovan,90.9090909090909
chris hogan,2018,chris hogan,100.0
julian edelman,2018,julian edelman,100.0
christian kirk,2018,christian kirksey,90.32258064516128
christian kirk,2018,christian kirk davon,82.35294117647058
odell beckham,2018,odell beckham jr,89.65517241379311
tajae sharpe,2018,tajae sharpe,100.0
emmanuel sanders,2018,daniel sanders,80.0
emmanuel sanders,2018,emmanuel sanders,100.0
dede westbrook,2018,dede westbrook,100.0
rob gronkowski,2018,rob gronkowski,100.0
evan engram,2018,evan engram,100.0
zach ertz,2018,zach ertz,100.0
corey davis,2018,cody davis,85.71428571428572
ian thomas,2018,brian thomas b,83.33333333333334
ian thomas,2018,logan thomas,81.81818181818181
ian thomas,2018,thomas hennigan,80.0
ian thomas,2018,ian thomas c,90.9090909090909
ian thomas,2018,brian thomas jr,80.0
demaryius thomas,2018,demaryius thomas,100.0
stefon diggs,2018,trevon diggs,83.33333333333334
stefon diggs,2018,stefon diggs,100.0
t.y. hilton,2018,ty hilton,90.0
sterling shepard,2018,sterling shepard,100.0
jordy nelson,2018,jordy nelson,100.0
jordy nelson,2018,jr nelson,85.71428571428572
jordy nelson,2018,corey nelson,83.33333333333334
marquise goodwin,2018,marquise goodwin,100.0
marquise goodwin,2018,marquise brown,80.0
ryan switzer,2018,ryan switzer,100.0
adam thielen,2018,adam thielen,100.0
kyle rudolph,2018,kyle rudolph,100.0
trey burton,2018,trey burton,100.0
trey burton,2018,tre brown,80.0
eric ebron,2018,eric ebron,100.0
chris herndon,2018,chris horton,80.0
chris herndon,2018,chris herndon,100.0
nick vannett,2018,nick vannett,100.0
mohamed sanu,2018,mohamed sanu,100.0
julio jones,2018,julio jones,100.0
mike evans,2018,mike evans lynn,80.0
john brown,2018,jamon brown,85.71428571428572
john brown,2018,jaron brown,85.71428571428572
john brown,2018,noah brown,80.0
john brown,2018,jayon brown,85.71428571428572
john brown,2018,john brown b --,80.0
john brown,2018,jordan brown,81.81818181818181
chester rogers,2018,chester rogers,100.0
brandin cooks,2018,brandin cooks,100.0
brandin cooks,2018,brandon brooks,81.4814814814815
brandin cooks,2018,brandin echols,81.4814814814815
jeff heuerman,2018,jeff heuerman,100.0
ryan grant,2018,logan ryan,80.0
jarvis landry,2018,jarvis landry,100.0
cameron brate,2018,cameron bradfield,80.0
cameron brate,2018,cameron brate,100.0
cameron brate,2018,cameron batson,81.4814814814815
tyler boyd,2018,tyler boyd,100.0
travis kelce,2018,travis kelce,100.0
josh doctson,2018,josh doctson,100.0
jared cook,2018,jared cook,100.0
tre'quan smith,2018,trequan smith,96.2962962962963
pierre garcon,2018,pierre garcon,100.0
tyrell williams,2018,tourek williams,80.0
tyrell williams,2018,trent williams,82.75862068965517
tyrell williams,2018,terrell williams jr,82.35294117647058
tyrell williams,2018,trey williams,85.71428571428572
tyrell williams,2018,trevor williams,80.0
tyrell williams,2018,darrel williams,80.0
tyrell williams,2018,tyrell williams,100.0
tyrell williams,2018,trill williams,89.65517241379311
tyrell williams,2018,kyren williams,82.75862068965517
david njoku,2018,david njoku,100.0
allen robinson,2018,lee robinson,84.61538461538461
allen robinson,2018,laurent robinson,80.0
allen robinson,2018,allen robinson ii,90.32258064516128
allen robinson,2018,alton robinson,85.71428571428572
vance mcdonald,2018,vance mcdonald,100.0
sammy watkins,2018,sammy watkins,100.0
kelvin benjamin,2018,kelvin benjamin,100.0
kelvin benjamin,2018,eno benjamin,81.4814814814815
alshon jeffery,2018,alshon jeffery,100.0
will fuller,2018,will fuller v,91.66666666666666
chad williams,2018,chavis williams,85.71428571428572
chad williams,2018,chase williams a,82.75862068965517
chad williams,2018,ishaq williams,81.4814814814815
chad williams,2018,andre williams,81.4814814814815
chad williams,2018,chad williams b --,83.87096774193549
chad williams,2018,chase williams b,82.75862068965517
george kittle,2018,george kittle,100.0
willie snead,2018,willie snead iv,88.88888888888889
john ross,2018,john ross iii,81.81818181818181
john ross,2018,josh ross,88.88888888888889
randall cobb,2018,randall cobb,100.0
dante pettis,2018,dante pettis,100.0
daesean hamilton,2018,davon hamilton,80.0
michael gallup,2018,michael gallup,100.0
juju smith-schuster,2018,juju smith-schuster,100.0
ricky seals-jones,2018,ricky seals-jones,100.0
keenan allen,2018,keenan allen,100.0
mark andrews,2018,mark andrews,100.0
mark andrews,2018,jake andrews,83.33333333333334
anthony miller,2018,anthony miller b --,84.84848484848484
dallas goedert,2018,dallas goedert,100.0
ryan griffin,2018,ryan griffin b --,82.75862068965517
ryan griffin,2018,ryan griffin b --,82.75862068965517
ryan griffin,2018,ryan griffin b --,82.75862068965517
ryan griffin,2018,ryan griffin b --,82.75862068965517
devante parker,2018,devante parker,100.0
c.j. uzomah,2018,cj uzomah,90.0
devin funchess,2018,devin funchess,100.0
antonio callaway,2018,antonio callaway,100.0
mike williams,2018,mario williams,81.4814814814815
mike williams,2018,madieu williams,85.71428571428572
mike williams,2018,mike williams troy,83.87096774193549
mike williams,2018,eddie williams,81.4814814814815
mike williams,2018,mike willie,83.33333333333334
mike williams,2018,kyren williams,81.4814814814815
mike williams,2018,damien williams,85.71428571428572
mike williams,2018,mike williams k,92.85714285714286
deandre hopkins,2018,deandre thompkins,93.75
deandre hopkins,2018,deandre hopkins,100.0
david moore,2018,devin moore,81.81818181818181
david moore,2018,dan moore,80.0
david moore,2018,david moore b --,81.4814814814815
josh gordon,2018,josh gordy,85.71428571428572
josh gordon,2018,josh gordon,100.0
michael thomas,2018,michael thomas b --,84.84848484848484
michael thomas,2018,michael ola,80.0
michael thomas,2018,michael thomas b --,84.84848484848484
michael thomas,2018,michael ola,80.0
michael thomas,2018,michael thomas b --,84.84848484848484
michael thomas,2018,michael ola,80.0
michael thomas,2018,michael thomas b --,84.84848484848484
michael thomas,2018,michael ola,80.0
courtland sutton,2018,courtland sutton,100.0
o.j. howard,2018,oj howard,90.0
antonio gates,2018,antonio gates,100.0
marvin jones,2018,marvin jones jr,88.88888888888889
calvin ridley,2019,calvin ridley,100.0
corey davis,2019,cody davis,85.71428571428572
ted ginn,2019,ted ginn jr,84.21052631578947
albert wilson,2019,albert wilson,100.0
jacob hollister,2019,jacob hollister,100.0
steven sims,2019,steven sims jr,88.0
chris godwin,2019,chris godwin,100.0
trey quinn,2019,trey quinn,100.0
olabisi johnson,2019,olabisi johnson,100.0
marvin jones,2019,marvin jones jr,88.88888888888889
d.j. chark,2019,dj chark,88.88888888888889
hunter renfrow,2019,hunter renfrow,100.0
allen lazard,2019,allen lazard,100.0
marquise brown,2019,marquise goodwin,80.0
marquise brown,2019,marquise brown,100.0
adam thielen,2019,adam thielen,100.0
allen hurns,2019,allen hurns,100.0
cooper kupp,2019,cooper kupp,100.0
danny amendola,2019,danny amendola,100.0
tyler lockett,2019,tyler lockett,100.0
tyler lockett,2019,tyler ott,81.81818181818181
josh reynolds,2019,josh reynolds,100.0
randall cobb,2019,randall cobb,100.0
nick boyle,2019,nick foles,80.0
nick boyle,2019,nick boyle,100.0
dede westbrook,2019,dede westbrook,100.0
james washington,2019,jameis winston,80.0
james washington,2019,james washington edward,82.05128205128204
brandin cooks,2019,brandin cooks,100.0
brandin cooks,2019,brandon brooks,81.4814814814815
brandin cooks,2019,brandin echols,81.4814814814815
diontae johnson,2019,dontae johnson,96.55172413793103
diontae johnson,2019,diontae johnson,100.0
diontae johnson,2019,dyontae johnson,93.33333333333333
t.y. hilton,2019,ty hilton,90.0
mark andrews,2019,mark andrews,100.0
mark andrews,2019,jake andrews,83.33333333333334
jamison crowder,2019,jamison crowder,100.0
christian kirk,2019,christian kirksey,90.32258064516128
christian kirk,2019,christian kirk davon,82.35294117647058
tyler higbee,2019,tyler higbee,100.0
kendrick bourne,2019,kendrick bourne,100.0
breshad perriman,2019,breshad perriman,100.0
zach ertz,2019,zach ertz,100.0
evan engram,2019,evan engram,100.0
jonnu smith,2019,jason smith,81.81818181818181
jonnu smith,2019,djoun smith,81.81818181818181
jonnu smith,2019,jonnu smith,100.0
russell gage,2019,russell gage,100.0
t.j. hockenson,2019,tj hockenson,92.3076923076923
demaryius thomas,2019,demaryius thomas,100.0
curtis samuel,2019,curtis samuel,100.0
auden tate,2019,auden tate,100.0
john ross,2019,john ross iii,81.81818181818181
john ross,2019,josh ross,88.88888888888889
jordan akins,2019,jordan evans,83.33333333333334
jordan akins,2019,jordan jenkins,84.61538461538461
jordan akins,2019,jordan davis,83.33333333333334
deebo samuel,2019,deebo samuel,100.0
eric ebron,2019,eric ebron,100.0
damiere byrd,2019,damiere byrd,100.0
anthony miller,2019,anthony miller b --,84.84848484848484
sterling shepard,2019,sterling shepard,100.0
marquez valdes-scantling,2019,marquez valdes-scantling,100.0
julian edelman,2019,julian edelman,100.0
jarvis landry,2019,jarvis landry,100.0
geronimo allison,2019,geronimo allison,100.0
kyle rudolph,2019,kyle rudolph,100.0
dallas goedert,2019,dallas goedert,100.0
jimmy graham,2019,jimmy graham,100.0
michael gallup,2019,michael gallup,100.0
julio jones,2019,julio jones,100.0
will fuller,2019,will fuller v,91.66666666666666
willie snead,2019,willie snead iv,88.88888888888889
odell beckham,2019,odell beckham jr,89.65517241379311
adam humphries,2019,dj humphries,84.61538461538461
adam humphries,2019,adam humphries,100.0
hunter henry,2019,hunter henry,100.0
tyler boyd,2019,tyler boyd,100.0
josh gordon,2019,josh gordy,85.71428571428572
josh gordon,2019,josh gordon,100.0
cameron brate,2019,cameron bradfield,80.0
cameron brate,2019,cameron brate,100.0
cameron brate,2019,cameron batson,81.4814814814815
jack doyle,2019,jack doyle,100.0
keenan allen,2019,keenan allen,100.0
travis kelce,2019,travis kelce,100.0
tyler eifert,2019,tyler eifert,100.0
irv smith,2019,irv smith jr,85.71428571428572
darren waller,2019,darren waller,100.0
demarcus robinson,2019,denard robinson,81.25
demarcus robinson,2019,darius robinson,87.5
sammy watkins,2019,sammy watkins,100.0
mike evans,2019,mike evans lynn,80.0
phillip dorsett,2019,phillip dorsett ii,90.9090909090909
daesean hamilton,2019,davon hamilton,80.0
mike williams,2019,mario williams,81.4814814814815
mike williams,2019,madieu williams,85.71428571428572
mike williams,2019,mike williams troy,83.87096774193549
mike williams,2019,eddie williams,81.4814814814815
mike williams,2019,mike willie,83.33333333333334
mike williams,2019,kyren williams,81.4814814814815
mike williams,2019,damien williams,85.71428571428572
mike williams,2019,mike williams k,92.85714285714286
greg olsen,2019,greg toler,80.0
greg olsen,2019,greg olsen,100.0
greg olsen,2019,greg senat,80.0
vance mcdonald,2019,vance mcdonald,100.0
mohamed sanu,2019,mohamed sanu,100.0
michael thomas,2019,michael thomas b --,84.84848484848484
michael thomas,2019,michael ola,80.0
michael thomas,2019,michael thomas b --,84.84848484848484
michael thomas,2019,michael ola,80.0
michael thomas,2019,michael thomas b --,84.84848484848484
michael thomas,2019,michael ola,80.0
michael thomas,2019,michael thomas b --,84.84848484848484
michael thomas,2019,michael ola,80.0
george kittle,2019,george kittle,100.0
emmanuel sanders,2019,daniel sanders,80.0
emmanuel sanders,2019,emmanuel sanders,100.0
courtland sutton,2019,courtland sutton,100.0
allen robinson,2019,lee robinson,84.61538461538461
allen robinson,2019,laurent robinson,80.0
allen robinson,2019,allen robinson ii,90.32258064516128
allen robinson,2019,alton robinson,85.71428571428572
devante parker,2019,devante parker,100.0
o.j. howard,2019,oj howard,90.0
deandre hopkins,2019,deandre thompkins,93.75
deandre hopkins,2019,deandre hopkins,100.0
chris conley,2019,chris cooley,91.66666666666666
chris conley,2019,chris conte,86.95652173913044
chris conley,2019,chris conley,100.0
chris conley,2019,chris wormley,80.0
tyrell williams,2019,tourek williams,80.0
tyrell williams,2019,trent williams,82.75862068965517
tyrell williams,2019,terrell williams jr,82.35294117647058
tyrell williams,2019,trey williams,85.71428571428572
tyrell williams,2019,trevor williams,80.0
tyrell williams,2019,darrel williams,80.0
tyrell williams,2019,tyrell williams,100.0
tyrell williams,2019,trill williams,89.65517241379311
tyrell williams,2019,kyren williams,82.75862068965517
a.j. brown,2019,aj brown,88.88888888888889
jared cook,2019,jared cook,100.0
juju smith-schuster,2019,juju smith-schuster,100.0
darius slayton,2019,adarius glanton,82.75862068965517
alshon jeffery,2019,alshon jeffery,100.0
john brown,2019,jamon brown,85.71428571428572
john brown,2019,jaron brown,85.71428571428572
john brown,2019,noah brown,80.0
john brown,2019,jayon brown,85.71428571428572
john brown,2019,john brown b --,80.0
john brown,2019,jordan brown,81.81818181818181
stefon diggs,2019,trevon diggs,83.33333333333334
stefon diggs,2019,stefon diggs,100.0
preston williams,2019,jason williams,80.0
preston williams,2019,trent williams,80.0
preston williams,2019,preston williams,100.0
preston williams,2019,jameson williams,81.25
preston williams,2019,kyren williams,80.0
dawson knox,2019,dawson knox,100.0
robby anderson,2019,rodney anderson,82.75862068965517
robby anderson,2019,troy andersen,81.4814814814815
darnell mooney,2020,darnell mooney,100.0
marquise brown,2020,marquise goodwin,80.0
marquise brown,2020,marquise brown,100.0
braxton berrios,2020,braxton berrios,100.0
laviska shenault,2020,laviska shenault jr,91.42857142857143
cam sims,2020,cam sims,100.0
deebo samuel,2020,deebo samuel,100.0
curtis samuel,2020,curtis samuel,100.0
corey davis,2020,cody davis,85.71428571428572
david moore,2020,devin moore,81.81818181818181
david moore,2020,dan moore,80.0
david moore,2020,david moore b --,81.4814814814815
brandin cooks,2020,brandin cooks,100.0
brandin cooks,2020,brandon brooks,81.4814814814815
brandin cooks,2020,brandin echols,81.4814814814815
tre'quan smith,2020,trequan smith,96.2962962962963
danny amendola,2020,danny amendola,100.0
marvin jones,2020,marvin jones jr,88.88888888888889
hunter renfrow,2020,hunter renfrow,100.0
demarcus robinson,2020,denard robinson,81.25
demarcus robinson,2020,darius robinson,87.5
jakeem grant,2020,jakeem grant,100.0
emmanuel sanders,2020,daniel sanders,80.0
emmanuel sanders,2020,emmanuel sanders,100.0
hayden hurst,2020,hayden hurst,100.0
jalen reagor,2020,jalen reagor,100.0
eric ebron,2020,eric ebron,100.0
sterling shepard,2020,sterling shepard,100.0
randall cobb,2020,randall cobb,100.0
chris godwin,2020,chris godwin,100.0
robby anderson,2020,rodney anderson,82.75862068965517
robby anderson,2020,troy andersen,81.4814814814815
dallas goedert,2020,dallas goedert,100.0
cooper kupp,2020,cooper kupp,100.0
mecole hardman,2020,mecole hardman,100.0
deandre hopkins,2020,deandre thompkins,93.75
deandre hopkins,2020,deandre hopkins,100.0
jared cook,2020,jared cook,100.0
tyler eifert,2020,tyler eifert,100.0
michael pittman,2020,michael pittman jr,90.9090909090909
jarvis landry,2020,jarvis landry,100.0
dan arnold,2020,dan arnold,100.0
allen lazard,2020,allen lazard,100.0
trey burton,2020,trey burton,100.0
trey burton,2020,tre brown,80.0
kendrick bourne,2020,kendrick bourne,100.0
tyler lockett,2020,tyler lockett,100.0
tyler lockett,2020,tyler ott,81.81818181818181
christian kirk,2020,christian kirksey,90.32258064516128
christian kirk,2020,christian kirk davon,82.35294117647058
jalen guyton,2020,jalen guyton,100.0
evan engram,2020,evan engram,100.0
scott miller,2020,zach miller scott,82.75862068965517
scott miller,2020,scotty miller,96.0
julio jones,2020,julio jones,100.0
willie snead,2020,willie snead iv,88.88888888888889
adam thielen,2020,adam thielen,100.0
robert tonyan,2020,robert tonyan,100.0
k.j. hamler,2020,kj hamler,90.0
juju smith-schuster,2020,juju smith-schuster,100.0
chris herndon,2020,chris horton,80.0
chris herndon,2020,chris herndon,100.0
daesean hamilton,2020,davon hamilton,80.0
calvin ridley,2020,calvin ridley,100.0
jamison crowder,2020,jamison crowder,100.0
n'keal harry,2020,nkeal harry,95.65217391304348
breshad perriman,2020,breshad perriman,100.0
tyler boyd,2020,tyler boyd,100.0
ceedee lamb,2020,ceedee lamb,100.0
zach ertz,2020,zach ertz,100.0
drew sample,2020,drew sample,100.0
greg ward,2020,greg ward,100.0
damiere byrd,2020,damiere byrd,100.0
justin jefferson,2020,tony jefferson,80.0
justin jefferson,2020,justin jefferson,100.0
darren waller,2020,darren waller,100.0
logan thomas,2020,logan thomas,100.0
logan thomas,2020,jaylon thomas,80.0
jimmy graham,2020,jimmy graham,100.0
keenan allen,2020,keenan allen,100.0
jonnu smith,2020,jason smith,81.81818181818181
jonnu smith,2020,djoun smith,81.81818181818181
jonnu smith,2020,jonnu smith,100.0
chase claypool,2020,chase claypool,100.0
tim patrick,2020,tim patrick,100.0
t.j. hockenson,2020,tj hockenson,92.3076923076923
chris conley,2020,chris cooley,91.66666666666666
chris conley,2020,chris conte,86.95652173913044
chris conley,2020,chris conley,100.0
chris conley,2020,chris wormley,80.0
james washington,2020,jameis winston,80.0
james washington,2020,james washington edward,82.05128205128204
george kittle,2020,george kittle,100.0
mark andrews,2020,mark andrews,100.0
mark andrews,2020,jake andrews,83.33333333333334
tyler higbee,2020,tyler higbee,100.0
d.j. chark,2020,dj chark,88.88888888888889
isaiah ford,2020,isaiah ford,100.0
allen robinson,2020,lee robinson,84.61538461538461
allen robinson,2020,laurent robinson,80.0
allen robinson,2020,allen robinson ii,90.32258064516128
allen robinson,2020,alton robinson,85.71428571428572
michael gallup,2020,michael gallup,100.0
brandon aiyuk,2020,brandon bair,80.0
brandon aiyuk,2020,brandon aiyuk,100.0
jordan reed,2020,jordan reed,100.0
jordan reed,2020,reggie jordan,83.33333333333334
jordan reed,2020,jordan rigsbee,80.0
marquez valdes-scantling,2020,marquez valdes-scantling,100.0
anthony miller,2020,anthony miller b --,84.84848484848484
mike williams,2020,mario williams,81.4814814814815
mike williams,2020,madieu williams,85.71428571428572
mike williams,2020,mike williams troy,83.87096774193549
mike williams,2020,eddie williams,81.4814814814815
mike williams,2020,mike willie,83.33333333333334
mike williams,2020,kyren williams,81.4814814814815
mike williams,2020,damien williams,85.71428571428572
mike williams,2020,mike williams k,92.85714285714286
russell gage,2020,russell gage,100.0
sammy watkins,2020,sammy watkins,100.0
stefon diggs,2020,trevon diggs,83.33333333333334
stefon diggs,2020,stefon diggs,100.0
a.j. brown,2020,aj brown,88.88888888888889
diontae johnson,2020,dontae johnson,96.55172413793103
diontae johnson,2020,diontae johnson,100.0
diontae johnson,2020,dyontae johnson,93.33333333333333
darius slayton,2020,adarius glanton,82.75862068965517
travis kelce,2020,travis kelce,100.0
josh reynolds,2020,josh reynolds,100.0
jordan akins,2020,jordan evans,83.33333333333334
jordan akins,2020,jordan jenkins,84.61538461538461
jordan akins,2020,jordan davis,83.33333333333334
odell beckham,2020,odell beckham jr,89.65517241379311
mike evans,2020,mike evans lynn,80.0
t.y. hilton,2020,ty hilton,90.0
hunter henry,2020,hunter henry,100.0
michael thomas,2020,michael thomas b --,84.84848484848484
michael thomas,2020,michael ola,80.0
michael thomas,2020,michael thomas b --,84.84848484848484
michael thomas,2020,michael ola,80.0
michael thomas,2020,michael thomas b --,84.84848484848484
michael thomas,2020,michael ola,80.0
michael thomas,2020,michael thomas b --,84.84848484848484
michael thomas,2020,michael ola,80.0
jerry jeudy,2020,jerry jeudy,100.0
will fuller,2020,will fuller v,91.66666666666666
dawson knox,2020,dawson knox,100.0
rob gronkowski,2020,rob gronkowski,100.0
denzel mims,2020,denzel mims,100.0
devante parker,2020,devante parker,100.0
john brown,2020,jamon brown,85.71428571428572
john brown,2020,jaron brown,85.71428571428572
john brown,2020,noah brown,80.0
john brown,2020,jayon brown,85.71428571428572
john brown,2020,john brown b --,80.0
john brown,2020,jordan brown,81.81818181818181
irv smith,2020,irv smith jr,85.71428571428572
rondale moore,2021,rondale moore,100.0
devin duvernay,2021,devin duvernay,100.0
sterling shepard,2021,sterling shepard,100.0
marquise brown,2021,marquise goodwin,80.0
marquise brown,2021,marquise brown,100.0
deonte harris,2021,davontae harris,85.71428571428572
deonte harris,2021,devante harris,88.88888888888889
deonte harris,2021,dejon harris,88.0
darnell mooney,2021,darnell mooney,100.0
allen robinson,2021,lee robinson,84.61538461538461
allen robinson,2021,laurent robinson,80.0
allen robinson,2021,allen robinson ii,90.32258064516128
allen robinson,2021,alton robinson,85.71428571428572
robby anderson,2021,rodney anderson,82.75862068965517
robby anderson,2021,troy andersen,81.4814814814815
jalen guyton,2021,jalen guyton,100.0
tyler lockett,2021,tyler lockett,100.0
tyler lockett,2021,tyler ott,81.81818181818181
rashod bateman,2021,rashod bateman,100.0
cameron brate,2021,cameron bradfield,80.0
cameron brate,2021,cameron brate,100.0
cameron brate,2021,cameron batson,81.4814814814815
mecole hardman,2021,mecole hardman,100.0
kalif raymond,2021,raymond calais,81.4814814814815
kalif raymond,2021,kalif raymond,100.0
darius slayton,2021,adarius glanton,82.75862068965517
corey davis,2021,cody davis,85.71428571428572
adam humphries,2021,dj humphries,84.61538461538461
adam humphries,2021,adam humphries,100.0
deebo samuel,2021,deebo samuel,100.0
jalen reagor,2021,jalen reagor,100.0
laviska shenault,2021,laviska shenault jr,91.42857142857143
braxton berrios,2021,braxton berrios,100.0
tre'quan smith,2021,trequan smith,96.2962962962963
hunter renfrow,2021,hunter renfrow,100.0
cooper kupp,2021,cooper kupp,100.0
ricky seals-jones,2021,ricky seals-jones,100.0
olamide zaccheaus,2021,olamide zaccheaus,100.0
kendrick bourne,2021,kendrick bourne,100.0
jerry jeudy,2021,jerry jeudy,100.0
jamison crowder,2021,jamison crowder,100.0
brandin cooks,2021,brandin cooks,100.0
brandin cooks,2021,brandon brooks,81.4814814814815
brandin cooks,2021,brandin echols,81.4814814814815
mark andrews,2021,mark andrews,100.0
mark andrews,2021,jake andrews,83.33333333333334
chris godwin,2021,chris godwin,100.0
tyler boyd,2021,tyler boyd,100.0
michael pittman,2021,michael pittman jr,90.9090909090909
c.j. uzomah,2021,cj uzomah,90.0
ceedee lamb,2021,ceedee lamb,100.0
evan engram,2021,evan engram,100.0
odell beckham,2021,odell beckham jr,89.65517241379311
darren waller,2021,darren waller,100.0
t.j. hockenson,2021,tj hockenson,92.3076923076923
marvin jones,2021,marvin jones jr,88.88888888888889
jarvis landry,2021,jarvis landry,100.0
a.j. brown,2021,aj brown,88.88888888888889
van jefferson,2021,tony jefferson,81.4814814814815
van jefferson,2021,van jefferson,100.0
russell gage,2021,russell gage,100.0
adam thielen,2021,adam thielen,100.0
dallas goedert,2021,dallas goedert,100.0
tim patrick,2021,tim patrick,100.0
zach ertz,2021,zach ertz,100.0
christian kirk,2021,christian kirksey,90.32258064516128
christian kirk,2021,christian kirk davon,82.35294117647058
quez watkins,2021,quez watkins,100.0
keenan allen,2021,keenan allen,100.0
tyler higbee,2021,tyler higbee,100.0
marquez valdes-scantling,2021,marquez valdes-scantling,100.0
jared cook,2021,jared cook,100.0
calvin ridley,2021,calvin ridley,100.0
tyler johnson,2021,tyrell johnson,81.4814814814815
tyler johnson,2021,tyler johnstone,92.85714285714286
tyler johnson,2021,trey johnson,80.0
tyler johnson,2021,toby johnson,80.0
tyler johnson,2021,lane johnson,80.0
tyler johnson,2021,theo johnson,80.0
kyle pitts,2021,kyle pitts,100.0
sammy watkins,2021,sammy watkins,100.0
josh reynolds,2021,josh reynolds,100.0
elijah moore,2021,elijah moore,100.0
elijah moore,2021,elijah molden,80.0
dan arnold,2021,dan arnold,100.0
george kittle,2021,george kittle,100.0
marquez callaway,2021,marquez callaway,100.0
allen lazard,2021,allen lazard,100.0
hunter henry,2021,hunter henry,100.0
emmanuel sanders,2021,daniel sanders,80.0
emmanuel sanders,2021,emmanuel sanders,100.0
justin jefferson,2021,tony jefferson,80.0
justin jefferson,2021,justin jefferson,100.0
travis kelce,2021,travis kelce,100.0
brandon aiyuk,2021,brandon bair,80.0
brandon aiyuk,2021,brandon aiyuk,100.0
ray-ray mccloud,2021,ray-ray mccloud,100.0
julio jones,2021,julio jones,100.0
pat freiermuth,2021,pat freiermuth,100.0
jonnu smith,2021,jason smith,81.81818181818181
jonnu smith,2021,djoun smith,81.81818181818181
jonnu smith,2021,jonnu smith,100.0
byron pringle,2021,byron pringle,100.0
deandre hopkins,2021,deandre thompkins,93.75
deandre hopkins,2021,deandre hopkins,100.0
nico collins,2021,nick collins,91.66666666666666
nico collins,2021,nico collins,100.0
michael gallup,2021,michael gallup,100.0
dawson knox,2021,dawson knox,100.0
mo alie-cox,2021,mo alie-cox,100.0
mike williams,2021,mario williams,81.4814814814815
mike williams,2021,madieu williams,85.71428571428572
mike williams,2021,mike williams troy,83.87096774193549
mike williams,2021,eddie williams,81.4814814814815
mike williams,2021,mike willie,83.33333333333334
mike williams,2021,kyren williams,81.4814814814815
mike williams,2021,damien williams,85.71428571428572
mike williams,2021,mike williams k,92.85714285714286
josh palmer,2021,josh walker,81.81818181818181
devante parker,2021,devante parker,100.0
courtland sutton,2021,courtland sutton,100.0
chase claypool,2021,chase claypool,100.0
bryan edwards,2021,dwan edwards,80.0
bryan edwards,2021,braylon edwards,85.71428571428572
bryan edwards,2021,ben edwards,83.33333333333334
stefon diggs,2021,trevon diggs,83.33333333333334
stefon diggs,2021,stefon diggs,100.0
ja'marr chase,2021,jamar chaney,80.0
mike evans,2021,mike evans lynn,80.0
rob gronkowski,2021,rob gronkowski,100.0
david njoku,2021,david njoku,100.0
diontae johnson,2021,dontae johnson,96.55172413793103
diontae johnson,2021,diontae johnson,100.0
diontae johnson,2021,dyontae johnson,93.33333333333333
tyler lockett,2022,tyler lockett,100.0
tyler lockett,2022,tyler ott,81.81818181818181
rondale moore,2022,rondale moore,100.0
ben skowronek,2022,ben skowronek,100.0
chris olave,2022,chris olave,100.0
devin duvernay,2022,devin duvernay,100.0
treylon burks,2022,treylon burks,100.0
kalif raymond,2022,raymond calais,81.4814814814815
kalif raymond,2022,kalif raymond,100.0
quez watkins,2022,quez watkins,100.0
kyle pitts,2022,kyle pitts,100.0
demarcus robinson,2022,denard robinson,81.25
demarcus robinson,2022,darius robinson,87.5
brandin cooks,2022,brandin cooks,100.0
brandin cooks,2022,brandon brooks,81.4814814814815
brandin cooks,2022,brandin echols,81.4814814814815
russell gage,2022,russell gage,100.0
evan engram,2022,evan engram,100.0
kendrick bourne,2022,kendrick bourne,100.0
josh reynolds,2022,josh reynolds,100.0
deandre hopkins,2022,deandre thompkins,93.75
deandre hopkins,2022,deandre hopkins,100.0
deandre carter,2022,dewayne carter,85.71428571428572
deandre carter,2022,deandre carter,100.0
marquise brown,2022,marquise goodwin,80.0
marquise brown,2022,marquise brown,100.0
noah brown,2022,noah brown,100.0
curtis samuel,2022,curtis samuel,100.0
richie james,2022,richie james,100.0
darius slayton,2022,adarius glanton,82.75862068965517
isaiah hodgins,2022,isaiah hodgins,100.0
deebo samuel,2022,deebo samuel,100.0
chris godwin,2022,chris godwin,100.0
olamide zaccheaus,2022,olamide zaccheaus,100.0
corey davis,2022,cody davis,85.71428571428572
mack hollins,2022,mack hollins,100.0
ceedee lamb,2022,ceedee lamb,100.0
robert tonyan,2022,robert tonyan,100.0
darnell mooney,2022,darnell mooney,100.0
greg dulcich,2022,greg dulcich,100.0
michael pittman,2022,michael pittman jr,90.9090909090909
parris campbell,2022,parris campbell,100.0
cooper kupp,2022,cooper kupp,100.0
jerry jeudy,2022,jerry jeudy,100.0
christian kirk,2022,christian kirksey,90.32258064516128
christian kirk,2022,christian kirk davon,82.35294117647058
marquez valdes-scantling,2022,marquez valdes-scantling,100.0
josh palmer,2022,josh walker,81.81818181818181
pat freiermuth,2022,pat freiermuth,100.0
travis kelce,2022,travis kelce,100.0
t.j. hockenson,2022,tj hockenson,92.3076923076923
dallas goedert,2022,dallas goedert,100.0
hunter renfrow,2022,hunter renfrow,100.0
brandon aiyuk,2022,brandon bair,80.0
brandon aiyuk,2022,brandon aiyuk,100.0
elijah moore,2022,elijah moore,100.0
elijah moore,2022,elijah molden,80.0
chris moore,2022,chris okoye,81.81818181818181
chris moore,2022,chris moore b --,81.4814814814815
christian watson,2022,christian thompson,82.35294117647058
michael gallup,2022,michael gallup,100.0
keenan allen,2022,keenan allen,100.0
adam thielen,2022,adam thielen,100.0
mark andrews,2022,mark andrews,100.0
mark andrews,2022,jake andrews,83.33333333333334
hayden hurst,2022,hayden hurst,100.0
randall cobb,2022,randall cobb,100.0
tyquan thornton,2022,tyquan thornton,100.0
nico collins,2022,nick collins,91.66666666666666
nico collins,2022,nico collins,100.0
marvin jones,2022,marvin jones jr,88.88888888888889
jordan akins,2022,jordan evans,83.33333333333334
jordan akins,2022,jordan jenkins,84.61538461538461
jordan akins,2022,jordan davis,83.33333333333334
courtland sutton,2022,courtland sutton,100.0
tyler higbee,2022,tyler higbee,100.0
mike evans,2022,mike evans lynn,80.0
juju smith-schuster,2022,juju smith-schuster,100.0
hunter henry,2022,hunter henry,100.0
chase claypool,2022,chase claypool,100.0
a.j. brown,2022,aj brown,88.88888888888889
juwan johnson,2022,justin johnson,81.4814814814815
juwan johnson,2022,lane johnson,80.0
george kittle,2022,george kittle,100.0
ja'marr chase,2022,jamar chaney,80.0
d.j. chark,2022,dj chark,88.88888888888889
dawson knox,2022,dawson knox,100.0
logan thomas,2022,logan thomas,100.0
logan thomas,2022,jaylon thomas,80.0
justin jefferson,2022,tony jefferson,80.0
justin jefferson,2022,justin jefferson,100.0
mike williams,2022,mario williams,81.4814814814815
mike williams,2022,madieu williams,85.71428571428572
mike williams,2022,mike williams troy,83.87096774193549
mike williams,2022,eddie williams,81.4814814814815
mike williams,2022,mike willie,83.33333333333334
mike williams,2022,kyren williams,81.4814814814815
mike williams,2022,damien williams,85.71428571428572
mike williams,2022,mike williams k,92.85714285714286
foster moreau,2022,foster moreau,100.0
stefon diggs,2022,trevon diggs,83.33333333333334
stefon diggs,2022,stefon diggs,100.0
diontae johnson,2022,dontae johnson,96.55172413793103
diontae johnson,2022,diontae johnson,100.0
diontae johnson,2022,dyontae johnson,93.33333333333333
allen lazard,2022,allen lazard,100.0
david njoku,2022,david njoku,100.0
zach ertz,2022,zach ertz,100.0
terrace marshall,2022,terrace marshall jr,91.42857142857143
tyler boyd,2022,tyler boyd,100.0
isaiah mckenzie,2022,isaiah mckenzie,100.0
allen robinson,2022,lee robinson,84.61538461538461
allen robinson,2022,laurent robinson,80.0
allen robinson,2022,allen robinson ii,90.32258064516128
allen robinson,2022,alton robinson,85.71428571428572
devante parker,2022,devante parker,100.0
rondale moore,2023,rondale moore,100.0
jerry jeudy,2023,jerry jeudy,100.0
elijah moore,2023,elijah moore,100.0
elijah moore,2023,elijah molden,80.0
kendrick bourne,2023,kendrick bourne,100.0
cooper kupp,2023,cooper kupp,100.0
pat freiermuth,2023,pat freiermuth,100.0
juju smith-schuster,2023,juju smith-schuster,100.0
wan'dale robinson,2023,wandale robinson,96.96969696969697
diontae johnson,2023,dontae johnson,96.55172413793103
diontae johnson,2023,diontae johnson,100.0
diontae johnson,2023,dyontae johnson,93.33333333333333
chris godwin,2023,chris godwin,100.0
curtis samuel,2023,curtis samuel,100.0
keenan allen,2023,keenan allen,100.0
michael pittman,2023,michael pittman jr,90.9090909090909
josh palmer,2023,josh walker,81.81818181818181
deebo samuel,2023,deebo samuel,100.0
tyler lockett,2023,tyler lockett,100.0
tyler lockett,2023,tyler ott,81.81818181818181
noah brown,2023,noah brown,100.0
allen robinson,2023,lee robinson,84.61538461538461
allen robinson,2023,laurent robinson,80.0
allen robinson,2023,allen robinson ii,90.32258064516128
allen robinson,2023,alton robinson,85.71428571428572
travis kelce,2023,travis kelce,100.0
dallas goedert,2023,dallas goedert,100.0
jonnu smith,2023,jason smith,81.81818181818181
jonnu smith,2023,djoun smith,81.81818181818181
jonnu smith,2023,jonnu smith,100.0
rashid shaheed,2023,rashid shaheed,100.0
a.j. brown,2023,aj brown,88.88888888888889
justin jefferson,2023,tony jefferson,80.0
justin jefferson,2023,justin jefferson,100.0
mike evans,2023,mike evans lynn,80.0
darius slayton,2023,adarius glanton,82.75862068965517
logan thomas,2023,logan thomas,100.0
logan thomas,2023,jaylon thomas,80.0
christian watson,2023,christian thompson,82.35294117647058
courtland sutton,2023,courtland sutton,100.0
rashee rice,2023,rashee rice,100.0
adam thielen,2023,adam thielen,100.0
allen lazard,2023,allen lazard,100.0
michael wilson,2023,michael wilhoite,80.0
michael wilson,2023,sony michel,80.0
chris olave,2023,chris olave,100.0
kyle pitts,2023,kyle pitts,100.0
darren waller,2023,darren waller,100.0
tyler higbee,2023,tyler higbee,100.0
brandin cooks,2023,brandin cooks,100.0
brandin cooks,2023,brandon brooks,81.4814814814815
brandin cooks,2023,brandin echols,81.4814814814815
evan engram,2023,evan engram,100.0
jonathan mingo,2023,jonathan kongbo,82.75862068965517
jonathan mingo,2023,jonathan mingo,100.0
tyler boyd,2023,tyler boyd,100.0
michael gallup,2023,michael gallup,100.0
quentin johnston,2023,quinn johnson,82.75862068965517
quentin johnston,2023,justin johnson,80.0
christian kirk,2023,christian kirksey,90.32258064516128
christian kirk,2023,christian kirk davon,82.35294117647058
marquise brown,2023,marquise goodwin,80.0
marquise brown,2023,marquise brown,100.0
hunter henry,2023,hunter henry,100.0
justin watson,2023,justin tryon,80.0
puka nacua,2023,puka nacua,100.0
t.j. hockenson,2023,tj hockenson,92.3076923076923
stefon diggs,2023,trevon diggs,83.33333333333334
stefon diggs,2023,stefon diggs,100.0
ja'marr chase,2023,jamar chaney,80.0
darnell mooney,2023,darnell mooney,100.0
devante parker,2023,devante parker,100.0
nico collins,2023,nick collins,91.66666666666666
nico collins,2023,nico collins,100.0
deandre hopkins,2023,deandre thompkins,93.75
deandre hopkins,2023,deandre hopkins,100.0
josh reynolds,2023,josh reynolds,100.0
brandon aiyuk,2023,brandon bair,80.0
brandon aiyuk,2023,brandon aiyuk,100.0
d.j. chark,2023,dj chark,88.88888888888889
luke musgrave,2023,luke musgrave,100.0
calvin ridley,2023,calvin ridley,100.0
mark andrews,2023,mark andrews,100.0
mark andrews,2023,jake andrews,83.33333333333334
ceedee lamb,2023,ceedee lamb,100.0
rashod bateman,2023,rashod bateman,100.0
jake ferguson,2023,parker ferguson,85.71428571428572
george kittle,2023,george kittle,100.0
odell beckham jr.,2023,odell beckham jr,96.96969696969697
michael thomas,2023,michael thomas b --,84.84848484848484
michael thomas,2023,michael ola,80.0
michael thomas,2023,michael thomas b --,84.84848484848484
michael thomas,2023,michael ola,80.0
michael thomas,2023,michael thomas b --,84.84848484848484
michael thomas,2023,michael ola,80.0
michael thomas,2023,michael thomas b --,84.84848484848484
michael thomas,2023,michael ola,80.0
david njoku,2023,david njoku,100.0
juwan johnson,2023,justin johnson,81.4814814814815
juwan johnson,2023,lane johnson,80.0
ray-ray mccloud,2024,ray-ray mccloud,100.0
jalen mcmillan,2024,jalen mills,80.0
cooper kupp,2024,cooper kupp,100.0
olamide zaccheaus,2024,olamide zaccheaus,100.0
stefon diggs,2024,trevon diggs,83.33333333333334
stefon diggs,2024,stefon diggs,100.0
sterling shepard,2024,sterling shepard,100.0
pat freiermuth,2024,pat freiermuth,100.0
colby parkinson,2024,colby parkinson,100.0
wan'dale robinson,2024,wandale robinson,96.96969696969697
curtis samuel,2024,curtis samuel,100.0
evan engram,2024,evan engram,100.0
josh palmer,2024,josh walker,81.81818181818181
noah brown,2024,noah brown,100.0
michael pittman,2024,michael pittman jr,90.9090909090909
christian kirk,2024,christian kirksey,90.32258064516128
christian kirk,2024,christian kirk davon,82.35294117647058
mike evans,2024,mike evans lynn,80.0
parker washington,2024,parker washington,100.0
jameson williams,2024,james williams g,87.5
jameson williams,2024,jamar williams,80.0
jameson williams,2024,jason williams,93.33333333333333
jameson williams,2024,jalen williams,86.66666666666667
jameson williams,2024,preston williams,81.25
jameson williams,2024,jarren williams,83.87096774193549
jameson williams,2024,jameson williams,100.0
jameson williams,2024,damien williams,83.87096774193549
jameson williams,2024,javonte williams,81.25
puka nacua,2024,puka nacua,100.0
keenan allen,2024,keenan allen,100.0
darnell mooney,2024,darnell mooney,100.0
tyler boyd,2024,tyler boyd,100.0
jalen coker,2024,jake coker,85.71428571428572
calvin austin iii,2024,calvin austin iii,100.0
adam thielen,2024,adam thielen,100.0
tyler lockett,2024,tyler lockett,100.0
tyler lockett,2024,tyler ott,81.81818181818181
chris godwin,2024,chris godwin,100.0
david njoku,2024,david njoku,100.0
jonnu smith,2024,jason smith,81.81818181818181
jonnu smith,2024,djoun smith,81.81818181818181
jonnu smith,2024,jonnu smith,100.0
zach ertz,2024,zach ertz,100.0
brandin cooks,2024,brandin cooks,100.0
brandin cooks,2024,brandon brooks,81.4814814814815
brandin cooks,2024,brandin echols,81.4814814814815
brian thomas jr.,2024,brian thomas b,80.0
brian thomas jr.,2024,brian thomas jr,96.7741935483871
elijah moore,2024,elijah moore,100.0
elijah moore,2024,elijah molden,80.0
cedric tillman,2024,cedric tillman b,93.33333333333333
t.j. hockenson,2024,tj hockenson,92.3076923076923
travis kelce,2024,travis kelce,100.0
michael wilson,2024,michael wilhoite,80.0
michael wilson,2024,sony michel,80.0
adonai mitchell,2024,mitchell fraboni,83.87096774193549
adonai mitchell,2024,keaton mitchell,80.0
calvin ridley,2024,calvin ridley,100.0
rashod bateman,2024,rashod bateman,100.0
juwan johnson,2024,justin johnson,81.4814814814815
juwan johnson,2024,lane johnson,80.0
will dissly,2024,will dissly,100.0
kyle pitts,2024,kyle pitts,100.0
courtland sutton,2024,courtland sutton,100.0
jerry jeudy,2024,jerry jeudy,100.0
quentin johnston,2024,quinn johnson,82.75862068965517
quentin johnston,2024,justin johnson,80.0
hunter henry,2024,hunter henry,100.0
dallas goedert,2024,dallas goedert,100.0
jake ferguson,2024,parker ferguson,85.71428571428572
david moore,2024,devin moore,81.81818181818181
david moore,2024,dan moore,80.0
david moore,2024,david moore b --,81.4814814814815
ceedee lamb,2024,ceedee lamb,100.0
mack hollins,2024,mack hollins,100.0
dj moore,2024,dan moore,82.35294117647058
dj moore,2024,jd moore,87.5
dj moore,2024,cj moore,87.5
justin jefferson,2024,tony jefferson,80.0
justin jefferson,2024,justin jefferson,100.0
deebo samuel sr.,2024,deebo samuel,85.71428571428572
a.j. brown,2024,aj brown,88.88888888888889
deandre hopkins,2024,deandre thompkins,93.75
deandre hopkins,2024,deandre hopkins,100.0
darius slayton,2024,adarius glanton,82.75862068965517
george kittle,2024,george kittle,100.0
ja'marr chase,2024,jamar chaney,80.0
allen lazard,2024,allen lazard,100.0
christian watson,2024,christian thompson,82.35294117647058
nico collins,2024,nick collins,91.66666666666666
nico collins,2024,nico collins,100.0
diontae johnson,2024,dontae johnson,96.55172413793103
diontae johnson,2024,diontae johnson,100.0
diontae johnson,2024,dyontae johnson,93.33333333333333
brandon aiyuk,2024,brandon bair,80.0
brandon aiyuk,2024,brandon aiyuk,100.0
mark andrews,2024,mark andrews,100.0
mark andrews,2024,jake andrews,83.33333333333334
jordan akins,2024,jordan evans,83.33333333333334
jordan akins,2024,jordan jenkins,84.61538461538461
jordan akins,2024,jordan davis,83.33333333333334
keon coleman,2024,kenyon coleman,92.3076923076923
keon coleman,2024,shon coleman,83.33333333333334
keon coleman,2024,tevin coleman,80.0
keon coleman,2024,coleman shelton,81.4814814814815
demarcus robinson,2024,denard robinson,81.25
demarcus robinson,2024,darius robinson,87.5
