player_full_name,player_two_words,season_ps,ir_name,season_ir,fuzzy_score
josh palmer,josh palmer,2024,joshua palmer,2023,91.66666667
n'keal harry,n'keal harry,2020,nkeal harry,2019,95.65217391
scott miller,scott miller,2020,scotty miller,2019,96.0
tre'quan smith,tre'quan smith,2021,trequan smith,2020,96.2962963
wan'dale robinson,wan'dale robinson,2023,wandale robinson,2022,96.96969697
wan'dale robinson,wan'dale robinson,2024,wandale robinson,2022,96.96969697
desean jackson,desean jackson,2018,desean jackson,2012,100.0
curtis samuel,curtis samuel,2018,curtis samuel,2017,100.0
jordan reed,jordan reed,2018,jordan reed,2013,100.0
jordan reed,jordan reed,2018,jordan reed,2017,100.0
tyler lockett,tyler lockett,2018,tyler lockett,2016,100.0
quincy enunwa,quincy enunwa,2018,quincy enunwa,2017,100.0
chris conley,chris conley,2018,chris conley,2017,100.0
robert woods,robert woods,2018,robert woods,2015,100.0
danny amendola,danny amendola,2018,danny amendola,2011,100.0
jimmy graham,jimmy graham,2018,jimmy graham,2015,100.0
julian edelman,julian edelman,2018,julian edelman,2012,100.0
julian edelman,julian edelman,2018,julian edelman,2017,100.0
odell beckham jr,odell beckham,2018,odell beckham,2017,100.0
tajae sharpe,tajae sharpe,2018,tajae sharpe,2017,100.0
dede westbrook,dede westbrook,2018,dede westbrook,2017,100.0
rob gronkowski,rob gronkowski,2018,rob gronkowski,2012,100.0
rob gronkowski,rob gronkowski,2018,rob gronkowski,2013,100.0
rob gronkowski,rob gronkowski,2018,rob gronkowski,2016,100.0
jordy nelson,jordy nelson,2018,jordy nelson,2015,100.0
marquise goodwin,marquise goodwin,2018,marquise goodwin,2015,100.0
kyle rudolph,kyle rudolph,2018,kyle rudolph,2013,100.0
mohamed sanu,mohamed sanu,2018,mohamed sanu,2012,100.0
julio jones,julio jones,2018,julio jones,2013,100.0
brandin cooks,brandin cooks,2018,brandin cooks,2014,100.0
jeff heuerman,jeff heuerman,2018,jeff heuerman,2015,100.0
ryan grant,ryan grant,2018,ryan grant,2010,100.0
cameron brate,cameron brate,2018,cameron brate,2016,100.0
travis kelce,travis kelce,2018,travis kelce,2013,100.0
josh doctson,josh doctson,2018,josh doctson,2016,100.0
jared cook,jared cook,2018,jared cook,2012,100.0
pierre garcon,pierre garcon,2018,pierre garcon,2017,100.0
allen robinson,allen robinson,2018,allen robinson,2014,100.0
allen robinson,allen robinson,2018,allen robinson,2017,100.0
vance mcdonald,vance mcdonald,2018,vance mcdonald,2014,100.0
vance mcdonald,vance mcdonald,2018,vance mcdonald,2016,100.0
sammy watkins,sammy watkins,2018,sammy watkins,2016,100.0
kelvin benjamin,kelvin benjamin,2018,kelvin benjamin,2015,100.0
alshon jeffery,alshon jeffery,2018,alshon jeffery,2015,100.0
john ross,john ross,2018,john ross,2017,100.0
randall cobb,randall cobb,2018,randall cobb,2013,100.0
keenan allen,keenan allen,2018,keenan allen,2015,100.0
keenan allen,keenan allen,2018,keenan allen,2016,100.0
benjamin watson,benjamin watson,2018,benjamin watson,2011,100.0
benjamin watson,benjamin watson,2018,benjamin watson,2016,100.0
ryan griffin,ryan griffin,2018,ryan griffin,2015,100.0
ryan griffin,ryan griffin,2018,ryan griffin,2017,100.0
devin funchess,devin funchess,2018,devin funchess,2016,100.0
mike williams,mike williams,2018,mike williams,2011,100.0
mike williams,mike williams,2018,mike williams,2013,100.0
mike williams,mike williams,2018,mike williams,2014,100.0
michael thomas,michael thomas,2018,michael thomas,2014,100.0
michael thomas,michael thomas,2018,michael thomas,2017,100.0
oj howard,oj howard,2018,oj howard,2017,100.0
antonio gates,antonio gates,2018,antonio gates,2010,100.0
aj green,aj green,2018,aj green,2016,100.0
marvin jones,marvin jones,2018,marvin jones,2014,100.0
robert woods,robert woods,2019,robert woods,2015,100.0
ted ginn,ted ginn,2019,ted ginn,2018,100.0
albert wilson,albert wilson,2019,albert wilson,2018,100.0
jacob hollister,jacob hollister,2019,jacob hollister,2018,100.0
trey quinn,trey quinn,2019,trey quinn,2018,100.0
marvin jones,marvin jones,2019,marvin jones,2014,100.0
marvin jones,marvin jones,2019,marvin jones,2018,100.0
allen hurns,allen hurns,2019,allen hurns,2018,100.0
cooper kupp,cooper kupp,2019,cooper kupp,2018,100.0
danny amendola,danny amendola,2019,danny amendola,2011,100.0
tyler lockett,tyler lockett,2019,tyler lockett,2016,100.0
randall cobb,randall cobb,2019,randall cobb,2013,100.0
dede westbrook,dede westbrook,2019,dede westbrook,2017,100.0
brandin cooks,brandin cooks,2019,brandin cooks,2014,100.0
christian kirk,christian kirk,2019,christian kirk,2018,100.0
breshad perriman,breshad perriman,2019,breshad perriman,2015,100.0
jonnu smith,jonnu smith,2019,jonnu smith,2018,100.0
demaryius thomas,demaryius thomas,2019,demaryius thomas,2018,100.0
curtis samuel,curtis samuel,2019,curtis samuel,2017,100.0
john ross,john ross,2019,john ross,2017,100.0
damiere byrd,damiere byrd,2019,damiere byrd,2017,100.0
damiere byrd,damiere byrd,2019,damiere byrd,2018,100.0
julian edelman,julian edelman,2019,julian edelman,2012,100.0
julian edelman,julian edelman,2019,julian edelman,2017,100.0
geronimo allison,geronimo allison,2019,geronimo allison,2018,100.0
kyle rudolph,kyle rudolph,2019,kyle rudolph,2013,100.0
jimmy graham,jimmy graham,2019,jimmy graham,2015,100.0
julio jones,julio jones,2019,julio jones,2013,100.0
will fuller,will fuller,2019,will fuller,2018,100.0
odell beckham,odell beckham,2019,odell beckham,2017,100.0
hunter henry,hunter henry,2019,hunter henry,2017,100.0
tyler boyd,tyler boyd,2019,tyler boyd,2018,100.0
cameron brate,cameron brate,2019,cameron brate,2016,100.0
jack doyle,jack doyle,2019,jack doyle,2018,100.0
keenan allen,keenan allen,2019,keenan allen,2015,100.0
keenan allen,keenan allen,2019,keenan allen,2016,100.0
travis kelce,travis kelce,2019,travis kelce,2013,100.0
tyler eifert,tyler eifert,2019,tyler eifert,2014,100.0
tyler eifert,tyler eifert,2019,tyler eifert,2016,100.0
tyler eifert,tyler eifert,2019,tyler eifert,2017,100.0
tyler eifert,tyler eifert,2019,tyler eifert,2018,100.0
darren waller,darren waller,2019,darren waller,2015,100.0
sammy watkins,sammy watkins,2019,sammy watkins,2016,100.0
mike williams,mike williams,2019,mike williams,2011,100.0
mike williams,mike williams,2019,mike williams,2013,100.0
mike williams,mike williams,2019,mike williams,2014,100.0
greg olsen,greg olsen,2019,greg olsen,2017,100.0
greg olsen,greg olsen,2019,greg olsen,2018,100.0
vance mcdonald,vance mcdonald,2019,vance mcdonald,2014,100.0
vance mcdonald,vance mcdonald,2019,vance mcdonald,2016,100.0
mohamed sanu,mohamed sanu,2019,mohamed sanu,2012,100.0
michael thomas,michael thomas,2019,michael thomas,2014,100.0
michael thomas,michael thomas,2019,michael thomas,2017,100.0
emmanuel sanders,emmanuel sanders,2019,emmanuel sanders,2018,100.0
allen robinson,allen robinson,2019,allen robinson,2014,100.0
allen robinson,allen robinson,2019,allen robinson,2017,100.0
oj howard,oj howard,2019,oj howard,2017,100.0
oj howard,oj howard,2019,oj howard,2018,100.0
chris conley,chris conley,2019,chris conley,2017,100.0
jared cook,jared cook,2019,jared cook,2012,100.0
alshon jeffery,alshon jeffery,2019,alshon jeffery,2015,100.0
braxton berrios,braxton berrios,2020,braxton berrios,2018,100.0
cam sims,cam sims,2020,cam sims,2018,100.0
robert woods,robert woods,2020,robert woods,2015,100.0
curtis samuel,curtis samuel,2020,curtis samuel,2017,100.0
brandin cooks,brandin cooks,2020,brandin cooks,2014,100.0
danny amendola,danny amendola,2020,danny amendola,2011,100.0
marvin jones,marvin jones,2020,marvin jones,2014,100.0
marvin jones,marvin jones,2020,marvin jones,2018,100.0
marvin jones,marvin jones,2020,marvin jones,2019,100.0
jakeem grant,jakeem grant,2020,jakeem grant,2018,100.0
jakeem grant,jakeem grant,2020,jakeem grant,2019,100.0
emmanuel sanders,emmanuel sanders,2020,emmanuel sanders,2018,100.0
eric ebron,eric ebron,2020,eric ebron,2019,100.0
randall cobb,randall cobb,2020,randall cobb,2013,100.0
cooper kupp,cooper kupp,2020,cooper kupp,2018,100.0
jared cook,jared cook,2020,jared cook,2012,100.0
tyler eifert,tyler eifert,2020,tyler eifert,2014,100.0
tyler eifert,tyler eifert,2020,tyler eifert,2016,100.0
tyler eifert,tyler eifert,2020,tyler eifert,2017,100.0
tyler eifert,tyler eifert,2020,tyler eifert,2018,100.0
dan arnold,dan arnold,2020,dan arnold,2017,100.0
trey burton,trey burton,2020,trey burton,2019,100.0
tyler lockett,tyler lockett,2020,tyler lockett,2016,100.0
christian kirk,christian kirk,2020,christian kirk,2018,100.0
evan engram,evan engram,2020,evan engram,2019,100.0
julio jones,julio jones,2020,julio jones,2013,100.0
calvin ridley,calvin ridley,2020,calvin ridley,2019,100.0
breshad perriman,breshad perriman,2020,breshad perriman,2015,100.0
tyler boyd,tyler boyd,2020,tyler boyd,2018,100.0
drew sample,drew sample,2020,drew sample,2019,100.0
damiere byrd,damiere byrd,2020,damiere byrd,2017,100.0
damiere byrd,damiere byrd,2020,damiere byrd,2018,100.0
darren waller,darren waller,2020,darren waller,2015,100.0
jimmy graham,jimmy graham,2020,jimmy graham,2015,100.0
keenan allen,keenan allen,2020,keenan allen,2015,100.0
keenan allen,keenan allen,2020,keenan allen,2016,100.0
jonnu smith,jonnu smith,2020,jonnu smith,2018,100.0
tim patrick,tim patrick,2020,tim patrick,2019,100.0
tj hockenson,tj hockenson,2020,tj hockenson,2019,100.0
chris conley,chris conley,2020,chris conley,2017,100.0
isaiah ford,isaiah ford,2020,isaiah ford,2017,100.0
allen robinson,allen robinson,2020,allen robinson,2014,100.0
allen robinson,allen robinson,2020,allen robinson,2017,100.0
jordan reed,jordan reed,2020,jordan reed,2013,100.0
jordan reed,jordan reed,2020,jordan reed,2017,100.0
jordan reed,jordan reed,2020,jordan reed,2018,100.0
jordan reed,jordan reed,2020,jordan reed,2019,100.0
mike williams,mike williams,2020,mike williams,2011,100.0
mike williams,mike williams,2020,mike williams,2013,100.0
mike williams,mike williams,2020,mike williams,2014,100.0
sammy watkins,sammy watkins,2020,sammy watkins,2016,100.0
travis kelce,travis kelce,2020,travis kelce,2013,100.0
aj green,aj green,2020,aj green,2016,100.0
aj green,aj green,2020,aj green,2018,100.0
aj green,aj green,2020,aj green,2019,100.0
odell beckham,odell beckham,2020,odell beckham,2017,100.0
mike evans,mike evans,2020,mike evans,2019,100.0
hunter henry,hunter henry,2020,hunter henry,2017,100.0
michael thomas,michael thomas,2020,michael thomas,2014,100.0
michael thomas,michael thomas,2020,michael thomas,2017,100.0
will fuller,will fuller,2020,will fuller,2018,100.0
rob gronkowski,rob gronkowski,2020,rob gronkowski,2012,100.0
rob gronkowski,rob gronkowski,2020,rob gronkowski,2013,100.0
rob gronkowski,rob gronkowski,2020,rob gronkowski,2016,100.0
sterling shepard,sterling shepard,2021,sterling shepard,2020,100.0
deonte harris,deonte harris,2021,deonte harris,2020,100.0
allen robinson,allen robinson,2021,allen robinson,2014,100.0
allen robinson,allen robinson,2021,allen robinson,2017,100.0
tyler lockett,tyler lockett,2021,tyler lockett,2016,100.0
cameron brate,cameron brate,2021,cameron brate,2016,100.0
adam humphries,adam humphries,2021,adam humphries,2020,100.0
deebo samuel,deebo samuel,2021,deebo samuel,2020,100.0
jalen reagor,jalen reagor,2021,jalen reagor,2020,100.0
braxton berrios,braxton berrios,2021,braxton berrios,2018,100.0
cooper kupp,cooper kupp,2021,cooper kupp,2018,100.0
olamide zaccheaus,olamide zaccheaus,2021,olamide zaccheaus,2020,100.0
brandin cooks,brandin cooks,2021,brandin cooks,2014,100.0
chris godwin,chris godwin,2021,chris godwin,2020,100.0
tyler boyd,tyler boyd,2021,tyler boyd,2018,100.0
michael pittman,michael pittman,2021,michael pittman,2020,100.0
cj uzomah,cj uzomah,2021,cj uzomah,2020,100.0
cedrick wilson,cedrick wilson,2021,cedrick wilson,2018,100.0
cedrick wilson,cedrick wilson,2021,cedrick wilson,2019,100.0
evan engram,evan engram,2021,evan engram,2019,100.0
odell beckham,odell beckham,2021,odell beckham,2017,100.0
odell beckham,odell beckham,2021,odell beckham,2020,100.0
darren waller,darren waller,2021,darren waller,2015,100.0
robert woods,robert woods,2021,robert woods,2015,100.0
tj hockenson,tj hockenson,2021,tj hockenson,2019,100.0
marvin jones,marvin jones,2021,marvin jones,2014,100.0
marvin jones,marvin jones,2021,marvin jones,2018,100.0
marvin jones,marvin jones,2021,marvin jones,2019,100.0
aj green,aj green,2021,aj green,2016,100.0
aj green,aj green,2021,aj green,2018,100.0
aj green,aj green,2021,aj green,2019,100.0
dallas goedert,dallas goedert,2021,dallas goedert,2020,100.0
tim patrick,tim patrick,2021,tim patrick,2019,100.0
zach ertz,zach ertz,2021,zach ertz,2020,100.0
christian kirk,christian kirk,2021,christian kirk,2018,100.0
quez watkins,quez watkins,2021,quez watkins,2020,100.0
keenan allen,keenan allen,2021,keenan allen,2015,100.0
keenan allen,keenan allen,2021,keenan allen,2016,100.0
jared cook,jared cook,2021,jared cook,2012,100.0
calvin ridley,calvin ridley,2021,calvin ridley,2019,100.0
sammy watkins,sammy watkins,2021,sammy watkins,2016,100.0
dan arnold,dan arnold,2021,dan arnold,2017,100.0
george kittle,george kittle,2021,george kittle,2020,100.0
marquez callaway,marquez callaway,2021,marquez callaway,2020,100.0
allen lazard,allen lazard,2021,allen lazard,2020,100.0
hunter henry,hunter henry,2021,hunter henry,2017,100.0
emmanuel sanders,emmanuel sanders,2021,emmanuel sanders,2018,100.0
travis kelce,travis kelce,2021,travis kelce,2013,100.0
julio jones,julio jones,2021,julio jones,2013,100.0
jonnu smith,jonnu smith,2021,jonnu smith,2018,100.0
byron pringle,byron pringle,2021,byron pringle,2018,100.0
byron pringle,byron pringle,2021,byron pringle,2020,100.0
mo alie-cox,mo alie-cox,2021,mo alie-cox,2017,100.0
mike williams,mike williams,2021,mike williams,2011,100.0
mike williams,mike williams,2021,mike williams,2013,100.0
mike williams,mike williams,2021,mike williams,2014,100.0
courtland sutton,courtland sutton,2021,courtland sutton,2020,100.0
mike evans,mike evans,2021,mike evans,2019,100.0
rob gronkowski,rob gronkowski,2021,rob gronkowski,2012,100.0
rob gronkowski,rob gronkowski,2021,rob gronkowski,2013,100.0
rob gronkowski,rob gronkowski,2021,rob gronkowski,2016,100.0
david njoku,david njoku,2021,david njoku,2019,100.0
david njoku,david njoku,2021,david njoku,2020,100.0
tyler lockett,tyler lockett,2022,tyler lockett,2016,100.0
quez watkins,quez watkins,2022,quez watkins,2020,100.0
brandin cooks,brandin cooks,2022,brandin cooks,2014,100.0
evan engram,evan engram,2022,evan engram,2019,100.0
robert woods,robert woods,2022,robert woods,2015,100.0
robert woods,robert woods,2022,robert woods,2021,100.0
deandre hopkins,deandre hopkins,2022,deandre hopkins,2021,100.0
noah brown,noah brown,2022,noah brown,2018,100.0
noah brown,noah brown,2022,noah brown,2021,100.0
curtis samuel,curtis samuel,2022,curtis samuel,2017,100.0
curtis samuel,curtis samuel,2022,curtis samuel,2021,100.0
richie james,richie james,2022,richie james,2020,100.0
richie james,richie james,2022,richie james,2021,100.0
isaiah hodgins,isaiah hodgins,2022,isaiah hodgins,2020,100.0
deebo samuel,deebo samuel,2022,deebo samuel,2020,100.0
chris godwin,chris godwin,2022,chris godwin,2020,100.0
chris godwin,chris godwin,2022,chris godwin,2021,100.0
olamide zaccheaus,olamide zaccheaus,2022,olamide zaccheaus,2020,100.0
corey davis,corey davis,2022,corey davis,2021,100.0
mack hollins,mack hollins,2022,mack hollins,2018,100.0
robert tonyan,robert tonyan,2022,robert tonyan,2021,100.0
michael pittman,michael pittman,2022,michael pittman,2020,100.0
parris campbell,parris campbell,2022,parris campbell,2019,100.0
parris campbell,parris campbell,2022,parris campbell,2020,100.0
parris campbell,parris campbell,2022,parris campbell,2021,100.0
cooper kupp,cooper kupp,2022,cooper kupp,2018,100.0
jerry jeudy,jerry jeudy,2022,jerry jeudy,2021,100.0
christian kirk,christian kirk,2022,christian kirk,2018,100.0
marquez valdes-scantling,marquez valdes-scantling,2022,marquez valdes-scantling,2021,100.0
travis kelce,travis kelce,2022,travis kelce,2013,100.0
tj hockenson,tj hockenson,2022,tj hockenson,2019,100.0
tj hockenson,tj hockenson,2022,tj hockenson,2021,100.0
dallas goedert,dallas goedert,2022,dallas goedert,2020,100.0
aj green,aj green,2022,aj green,2016,100.0
aj green,aj green,2022,aj green,2018,100.0
aj green,aj green,2022,aj green,2019,100.0
elijah moore,elijah moore,2022,elijah moore,2021,100.0
chris moore,chris moore,2022,chris moore,2020,100.0
michael gallup,michael gallup,2022,michael gallup,2021,100.0
keenan allen,keenan allen,2022,keenan allen,2015,100.0
keenan allen,keenan allen,2022,keenan allen,2016,100.0
adam thielen,adam thielen,2022,adam thielen,2021,100.0
hayden hurst,hayden hurst,2022,hayden hurst,2021,100.0
randall cobb,randall cobb,2022,randall cobb,2013,100.0
randall cobb,randall cobb,2022,randall cobb,2020,100.0
randall cobb,randall cobb,2022,randall cobb,2021,100.0
nico collins,nico collins,2022,nico collins,2021,100.0
marvin jones,marvin jones,2022,marvin jones,2014,100.0
marvin jones,marvin jones,2022,marvin jones,2018,100.0
marvin jones,marvin jones,2022,marvin jones,2019,100.0
courtland sutton,courtland sutton,2022,courtland sutton,2020,100.0
tyler higbee,tyler higbee,2022,tyler higbee,2021,100.0
mike evans,mike evans,2022,mike evans,2019,100.0
juju smith-schuster,juju smith-schuster,2022,juju smith-schuster,2021,100.0
hunter henry,hunter henry,2022,hunter henry,2017,100.0
aj brown,aj brown,2022,aj brown,2021,100.0
george kittle,george kittle,2022,george kittle,2020,100.0
george kittle,george kittle,2022,george kittle,2021,100.0
dj chark,dj chark,2022,dj chark,2021,100.0
logan thomas,logan thomas,2022,logan thomas,2021,100.0
mike williams,mike williams,2022,mike williams,2011,100.0
mike williams,mike williams,2022,mike williams,2013,100.0
mike williams,mike williams,2022,mike williams,2014,100.0
foster moreau,foster moreau,2022,foster moreau,2019,100.0
allen lazard,allen lazard,2022,allen lazard,2020,100.0
david njoku,david njoku,2022,david njoku,2019,100.0
david njoku,david njoku,2022,david njoku,2020,100.0
zach ertz,zach ertz,2022,zach ertz,2020,100.0
terrace marshall,terrace marshall,2022,terrace marshall,2021,100.0
tyler boyd,tyler boyd,2022,tyler boyd,2018,100.0
allen robinson,allen robinson,2022,allen robinson,2014,100.0
allen robinson,allen robinson,2022,allen robinson,2017,100.0
devante parker,devante parker,2022,devante parker,2021,100.0
rondale moore,rondale moore,2023,rondale moore,2022,100.0
jerry jeudy,jerry jeudy,2023,jerry jeudy,2021,100.0
elijah moore,elijah moore,2023,elijah moore,2021,100.0
cooper kupp,cooper kupp,2023,cooper kupp,2018,100.0
cooper kupp,cooper kupp,2023,cooper kupp,2022,100.0
robert woods,robert woods,2023,robert woods,2015,100.0
robert woods,robert woods,2023,robert woods,2021,100.0
juju smith-schuster,juju smith-schuster,2023,juju smith-schuster,2021,100.0
chris godwin,chris godwin,2023,chris godwin,2020,100.0
chris godwin,chris godwin,2023,chris godwin,2021,100.0
curtis samuel,curtis samuel,2023,curtis samuel,2017,100.0
curtis samuel,curtis samuel,2023,curtis samuel,2021,100.0
keenan allen,keenan allen,2023,keenan allen,2015,100.0
keenan allen,keenan allen,2023,keenan allen,2016,100.0
michael pittman,michael pittman,2023,michael pittman,2020,100.0
deebo samuel,deebo samuel,2023,deebo samuel,2020,100.0
tyler lockett,tyler lockett,2023,tyler lockett,2016,100.0
noah brown,noah brown,2023,noah brown,2018,100.0
noah brown,noah brown,2023,noah brown,2021,100.0
allen robinson,allen robinson,2023,allen robinson,2014,100.0
allen robinson,allen robinson,2023,allen robinson,2017,100.0
allen robinson,allen robinson,2023,allen robinson,2022,100.0
travis kelce,travis kelce,2023,travis kelce,2013,100.0
dallas goedert,dallas goedert,2023,dallas goedert,2020,100.0
dallas goedert,dallas goedert,2023,dallas goedert,2022,100.0
jonnu smith,jonnu smith,2023,jonnu smith,2018,100.0
aj brown,aj brown,2023,aj brown,2021,100.0
mike evans,mike evans,2023,mike evans,2019,100.0
logan thomas,logan thomas,2023,logan thomas,2021,100.0
courtland sutton,courtland sutton,2023,courtland sutton,2020,100.0
adam thielen,adam thielen,2023,adam thielen,2021,100.0
allen lazard,allen lazard,2023,allen lazard,2020,100.0
kyle pitts,kyle pitts,2023,kyle pitts,2022,100.0
darren waller,darren waller,2023,darren waller,2015,100.0
darren waller,darren waller,2023,darren waller,2022,100.0
tyler higbee,tyler higbee,2023,tyler higbee,2021,100.0
brandin cooks,brandin cooks,2023,brandin cooks,2014,100.0
evan engram,evan engram,2023,evan engram,2019,100.0
tyler boyd,tyler boyd,2023,tyler boyd,2018,100.0
michael gallup,michael gallup,2023,michael gallup,2021,100.0
christian kirk,christian kirk,2023,christian kirk,2018,100.0
marquise brown,marquise brown,2023,marquise brown,2022,100.0
hunter henry,hunter henry,2023,hunter henry,2017,100.0
tj hockenson,tj hockenson,2023,tj hockenson,2019,100.0
tj hockenson,tj hockenson,2023,tj hockenson,2021,100.0
darnell mooney,darnell mooney,2023,darnell mooney,2022,100.0
devante parker,devante parker,2023,devante parker,2021,100.0
nico collins,nico collins,2023,nico collins,2021,100.0
nico collins,nico collins,2023,nico collins,2022,100.0
deandre hopkins,deandre hopkins,2023,deandre hopkins,2021,100.0
dj chark,dj chark,2023,dj chark,2021,100.0
dj chark,dj chark,2023,dj chark,2022,100.0
calvin ridley,calvin ridley,2023,calvin ridley,2019,100.0
rashod bateman,rashod bateman,2023,rashod bateman,2021,100.0
rashod bateman,rashod bateman,2023,rashod bateman,2022,100.0
george kittle,george kittle,2023,george kittle,2020,100.0
george kittle,george kittle,2023,george kittle,2021,100.0
odell beckham,odell beckham,2023,odell beckham,2017,100.0
odell beckham,odell beckham,2023,odell beckham,2020,100.0
michael thomas,michael thomas,2023,michael thomas,2014,100.0
michael thomas,michael thomas,2023,michael thomas,2017,100.0
michael thomas,michael thomas,2023,michael thomas,2020,100.0
michael thomas,michael thomas,2023,michael thomas,2022,100.0
david njoku,david njoku,2023,david njoku,2019,100.0
david njoku,david njoku,2023,david njoku,2020,100.0
ray-ray mccloud,ray-ray mccloud,2024,ray-ray mccloud,2023,100.0
cooper kupp,cooper kupp,2024,cooper kupp,2018,100.0
cooper kupp,cooper kupp,2024,cooper kupp,2022,100.0
cooper kupp,cooper kupp,2024,cooper kupp,2023,100.0
olamide zaccheaus,olamide zaccheaus,2024,olamide zaccheaus,2020,100.0
sterling shepard,sterling shepard,2024,sterling shepard,2020,100.0
sterling shepard,sterling shepard,2024,sterling shepard,2021,100.0
sterling shepard,sterling shepard,2024,sterling shepard,2022,100.0
pat freiermuth,pat freiermuth,2024,pat freiermuth,2023,100.0
colby parkinson,colby parkinson,2024,colby parkinson,2021,100.0
curtis samuel,curtis samuel,2024,curtis samuel,2017,100.0
curtis samuel,curtis samuel,2024,curtis samuel,2021,100.0
evan engram,evan engram,2024,evan engram,2019,100.0
noah brown,noah brown,2024,noah brown,2018,100.0
noah brown,noah brown,2024,noah brown,2021,100.0
noah brown,noah brown,2024,noah brown,2023,100.0
michael pittman,michael pittman,2024,michael pittman,2020,100.0
christian kirk,christian kirk,2024,christian kirk,2018,100.0
christian kirk,christian kirk,2024,christian kirk,2023,100.0
mike evans,mike evans,2024,mike evans,2019,100.0
parker washington,parker washington,2024,parker washington,2023,100.0
jameson williams,jameson williams,2024,jameson williams,2022,100.0
keenan allen,keenan allen,2024,keenan allen,2015,100.0
keenan allen,keenan allen,2024,keenan allen,2016,100.0
darnell mooney,darnell mooney,2024,darnell mooney,2022,100.0
tyler boyd,tyler boyd,2024,tyler boyd,2018,100.0
calvin austin iii,calvin austin,2024,calvin austin,2022,100.0
adam thielen,adam thielen,2024,adam thielen,2021,100.0
tyler lockett,tyler lockett,2024,tyler lockett,2016,100.0
chris godwin,chris godwin,2024,chris godwin,2020,100.0
chris godwin,chris godwin,2024,chris godwin,2021,100.0
david njoku,david njoku,2024,david njoku,2019,100.0
david njoku,david njoku,2024,david njoku,2020,100.0
jonnu smith,jonnu smith,2024,jonnu smith,2018,100.0
zach ertz,zach ertz,2024,zach ertz,2020,100.0
zach ertz,zach ertz,2024,zach ertz,2022,100.0
zach ertz,zach ertz,2024,zach ertz,2023,100.0
brandin cooks,brandin cooks,2024,brandin cooks,2014,100.0
brian thomas jr.,brian thomas,2024,brian thomas,2013,100.0
elijah moore,elijah moore,2024,elijah moore,2021,100.0
tj hockenson,tj hockenson,2024,tj hockenson,2019,100.0
tj hockenson,tj hockenson,2024,tj hockenson,2021,100.0
tj hockenson,tj hockenson,2024,tj hockenson,2023,100.0
travis kelce,travis kelce,2024,travis kelce,2013,100.0
calvin ridley,calvin ridley,2024,calvin ridley,2019,100.0
rashod bateman,rashod bateman,2024,rashod bateman,2021,100.0
rashod bateman,rashod bateman,2024,rashod bateman,2022,100.0
will dissly,will dissly,2024,will dissly,2018,100.0
will dissly,will dissly,2024,will dissly,2019,100.0
will dissly,will dissly,2024,will dissly,2022,100.0
kyle pitts,kyle pitts,2024,kyle pitts,2022,100.0
courtland sutton,courtland sutton,2024,courtland sutton,2020,100.0
jerry jeudy,jerry jeudy,2024,jerry jeudy,2021,100.0
hunter henry,hunter henry,2024,hunter henry,2017,100.0
hunter henry,hunter henry,2024,hunter henry,2023,100.0
dallas goedert,dallas goedert,2024,dallas goedert,2020,100.0
dallas goedert,dallas goedert,2024,dallas goedert,2022,100.0
david moore,david moore,2024,david moore,2022,100.0
mack hollins,mack hollins,2024,mack hollins,2018,100.0
justin jefferson,justin jefferson,2024,justin jefferson,2023,100.0
deebo samuel sr.,deebo samuel,2024,deebo samuel,2020,100.0
aj brown,aj brown,2024,aj brown,2021,100.0
deandre hopkins,deandre hopkins,2024,deandre hopkins,2021,100.0
george kittle,george kittle,2024,george kittle,2020,100.0
george kittle,george kittle,2024,george kittle,2021,100.0
allen lazard,allen lazard,2024,allen lazard,2020,100.0
nico collins,nico collins,2024,nico collins,2021,100.0
nico collins,nico collins,2024,nico collins,2022,100.0
diontae johnson,diontae johnson,2024,diontae johnson,2023,100.0
mark andrews,mark andrews,2024,mark andrews,2023,100.0
